<?xml version="1.0" ?>
<container xmlns="http://symfony.com/schema/dic/services"
           xmlns:xsi="http://www.w3.org/2001/XMLSchema-instance"
           xsi:schemaLocation="http://symfony.com/schema/dic/services http://symfony.com/schema/dic/services/services-1.0.xsd">

    <parameters>
        <parameter key="minifier.filter.class">Minifier\MinFilter</parameter>
        <parameter key="minifier.filter.arg.css">css</parameter>
        <parameter key="minifier.filter.arg.js">js</parameter>
    </parameters>

    <services>
        <!-- Assetic filters -->
        <service id="assetic.filter.minifier.css" class="%minifier.filter.class%">
            <argument>%minifier.filter.arg.css%</argument>
            <tag name="assetic.filter" alias="%minifier.filter.name.css%" />
        </service>

        <service id="assetic.filter.minifier.js" class="%minifier.filter.class%">
            <argument>%minifier.filter.arg.js%</argument>
            <tag name="assetic.filter" alias="%minifier.filter.name.js%" />
        </service>
    </services>
</container>